uids,Rainfall,Slope,Slope/Rainfall,Flood Intensity
4685130,5.898596393,213.4085301,36.1795444,4
4685130,16.04915206,232.3137667,14.47514272,7
16531141,9.213876649,213.9818374,23.22386609,6
13859515,2.742587808,204.7287529,74.64802122,3
13859515,21.9104362,214.814647,9.804215902,9
21183540,21.37286972,207.1049953,9.690088326,10
4685130,22.88103353,228.3841205,9.981372573,9
10604190,10.26838412,224.8921599,21.90141675,6
9124224,11.75251687,222.095725,18.89771591,6
9124224,7.067567174,225.6799352,31.93177081,4
10352928,2.726736386,232.0738599,85.11048633,2
56597,13.6006346,198.2579334,14.57710902,7
9124224,1.549922938,203.1798822,131.0903124,1
13957543,7.022942862,225.893917,32.16513667,4
4685130,16.967335,227.0981504,13.38443252,7
16275581,20.68722138,220.3778952,10.6528514,9
19620700,8.190368502,208.236706,25.42458327,5
56597,14.35849502,217.6970521,15.16155083,7
9124224,1.225197945,226.3219745,184.7227833,1
19620700,1.191171453,210.1205267,176.3982222,1
19620700,2.927040521,201.398923,68.80633239,3
4685130,2.238577122,221.778076,99.07100085,2
19620700,9.976935331,220.499589,22.10093397,6
10352928,15.47409279,226.9073002,14.66369003,7
26599,18.39308376,213.8463553,11.62645471,8
16275581,14.22029805,230.8931667,16.23687253,7
9086370,9.218641932,231.2806922,25.08836919,5
10571116,6.126457277,221.7403657,36.19389733,4
16275581,1.528802302,216.2534532,141.4528569,1
56597,13.08927157,224.9315762,17.18442275,6
10979428,21.57334622,210.9769549,9.77951926,10
56597,16.92417369,219.6494306,12.97844342,8
10979428,11.53433416,216.8366409,18.79923347,6
10979428,13.49630026,203.6642642,15.09037739,7
56597,9.19590825,205.5769811,22.35526666,6
56597,8.834250865,204.4212967,23.13963004,6
10979428,1.643677021,225.5036901,137.1946479,1
16275581,11.08535692,202.3008592,18.24937715,6
16275581,18.72762914,211.9414251,11.31704518,9
16275581,4.464520588,225.9973221,50.62073691,4
14196197,6.485613518,225.2238365,34.72668174,4
16275581,7.44365275,209.0454155,28.08371407,5
16275581,22.75210573,207.1853592,9.106205887,10
56597,22.32864648,202.1329166,9.052627386,10
56597,7.809401902,207.2332571,26.53638009,5
1306,8.0397744,208.8065676,25.97169487,5
56597,3.623993967,212.5028786,58.63775728,3
14196197,18.38466984,203.8509999,11.08809686,9
10979428,20.24690632,210.0268294,10.37328005,9
10979428,9.818461316,201.8787557,20.5611398,6
10516176,15.56402177,224.9885716,14.45568343,7
10979428,19.67471561,219.7490773,11.16911073,9
10979428,14.81497493,209.1715079,14.11892418,7
10979428,8.848361957,227.1805179,25.67486717,5
16275581,15.20026074,219.7690936,14.45824499,7
56597,17.25170504,209.5334531,12.14566633,8
16275581,11.86828606,198.0354342,16.6861022,7
56597,10.94742552,209.7264885,19.15760816,6
16275581,9.65600858,205.1441642,21.24523425,6
10979428,16.69713868,205.4628177,12.30527108,8
16275581,5.014616772,212.1265719,42.30165165,4
16275581,9.643868324,204.4753039,21.20262296,6
10979428,9.721004704,201.8715805,20.7665346,6
16275581,19.22683777,219.7113706,11.42732743,9
16275581,10.27014753,200.0904962,19.48272853,6
19620700,5.241430961,207.8704991,39.6591123,4
10979430,10.27925558,199.0966744,19.36878335,6
16275581,20.67129025,221.5234327,10.71647827,9
16275581,4.625125869,229.506671,49.62171356,4
16275581,17.26794748,198.2863903,11.48291599,9
10979428,7.377904835,219.6932587,29.77718791,5
16275581,6.958371768,221.5263783,31.83595038,4
16275581,9.977483502,224.5836368,22.50904617,6
16275581,1.482632145,224.4739036,151.4022911,1
15089619,9.177260624,230.9643893,25.16702955,5
10979430,15.16939778,199.7322339,13.16678729,7
16275581,2.120762752,219.0778562,103.3014447,2
16275581,20.52137328,203.5511823,9.918984444,9
16275581,1.308902273,209.9428181,160.3960987,1
16275581,7.652540036,218.8584334,28.59944965,5
16275581,4.86723076,221.6761461,45.54461397,4
10979428,8.793726448,210.8135199,23.97317237,6
16275581,2.30239023,228.1927551,99.11124189,2
16275581,7.562850055,226.8583805,29.99641389,5
10516163,3.555831912,221.1504469,62.19372916,3
16275581,18.80254953,204.085945,10.85416341,9
10979430,1.193026854,224.2633925,187.978495,1
16275581,12.40355098,214.2138754,17.27036683,6
14196197,11.49788528,230.8762055,20.07988425,6
16275581,20.75927616,224.5623825,10.81744762,9
16275581,13.74498512,211.393268,15.3796651,7
16275581,19.66618278,219.2482261,11.14848919,9
10979428,11.59590131,225.8477747,19.47651749,6
16275581,14.82191002,211.9132614,14.29729779,7
10979430,20.75138235,203.680855,9.81529093,9
16275581,10.12777669,210.095915,20.74452484,6
10979430,2.492435184,201.9258574,81.01548989,2
19438866,19.21941,221.4532714,11.52237615,8
16275581,1.484974077,215.777603,145.3073198,1
10979428,7.037945985,226.9839141,32.25144305,4
16275581,7.365016762,214.1705329,29.07943591,5
16275581,19.87361565,224.572422,11.30002844,9
16275581,18.3378228,229.9266603,12.53838379,8
56597,18.49143272,204.2288238,11.04451055,9
16275581,14.29325947,198.8344888,13.91106691,7
16275581,7.625977407,207.6521592,27.22957964,5
10979428,16.4890528,225.3142985,13.66447796,7
10979430,10.57144308,213.3086011,20.17781296,6
10979428,12.94923412,199.6021329,15.41420374,7
16275581,23.27231728,203.9660283,8.764319677,1
10979430,9.568760285,217.2838237,22.70762536,6
16275581,1.683553133,216.0512353,128.3305119,1
16275581,10.43502834,207.6604122,19.90032087,6
16275581,18.12686825,216.4680514,11.94183399,8
10979428,12.47885299,216.8297193,17.3757732,6
10979428,15.21827334,227.3671024,14.94040075,7
16275581,3.630377251,222.3715988,61.25302783,3
10979428,5.541859683,216.6177505,39.08755596,4
16275581,16.19424151,228.9551302,14.13805828,7
10979428,3.508486587,228.9725375,65.2624805,3
16275581,14.5425723,201.293103,13.84164362,7
10979430,19.63178018,224.614244,11.44135896,9
16275581,16.41554569,214.6740518,13.07748495,7
15089619,22.74354886,232.9128035,10.24082939,9
16275581,17.82209857,208.0829796,11.67555991,8
16275581,7.704799252,221.5770271,28.75831282,5
10979430,3.566974166,201.496275,56.4894125,3
9124224,22.16112432,220.0547448,9.929764465,9
16275581,10.99510738,203.8684339,18.54174106,6
10979430,13.87303108,211.0491827,15.21291069,7
9124224,23.07179925,230.1915096,9.977180676,9
56597,2.256483793,229.9134554,101.8901426,2
9124224,6.364655997,210.2792505,33.03858851,4
9124224,1.865756452,227.6927533,122.0377681,1
56597,11.19436722,225.0272117,20.10182508,6
9124224,21.91050411,231.1323525,10.54892902,9
9124224,19.94950291,198.5339236,9.951823083,9
10604190,19.13634608,201.8894824,10.55005389,9
16275581,9.454471172,200.781539,21.23667578,6
9124224,10.66850129,213.853556,20.04532317,6
9124224,1.83001597,204.8418127,111.9344399,2
10979428,6.691168967,206.1999171,30.81672547,4
9124224,20.55644996,227.6478384,11.07427785,9
56597,4.464889984,205.7696517,46.08616393,4
9124224,12.1429357,201.4409071,16.58914385,7
9124224,13.54567631,222.0939483,16.3959291,7
9124224,14.13152112,199.6788071,14.13002927,7
9124224,14.65901172,201.730792,13.76155473,7
9124224,7.174141579,229.4202145,31.97876874,4
9124224,16.22036698,198.7513411,12.25319633,8
10979428,14.6733156,214.2443276,14.60094865,7
56597,6.142960996,225.0726274,36.63911062,4
10979428,11.16001074,225.30612,20.188701,6
19368668,2.074957848,199.040817,95.92523396,2
9124224,8.663615816,222.9888043,25.73853793,5
56597,23.13480603,201.442054,8.707315453,1
10979428,19.84244474,215.5160143,10.86136397,9
56597,11.22109958,199.7790773,17.80387704,6
56597,20.29940678,210.8513073,10.38706745,9
16275581,6.82505146,200.4210687,29.36550293,5
9124224,12.34907942,214.7573832,17.39055811,6
16275581,7.373286732,199.8867853,27.10959068,5
9124224,1.410018405,203.2084122,144.11756,1
10979430,10.26201189,230.3121018,22.44317237,6
16275581,2.935911192,198.0054778,67.44259784,3
10979430,22.27699854,218.2989503,9.799298135,10
56597,13.16390372,207.9764424,15.7989945,7
9124224,6.967828829,201.5771837,28.929698,5
10603760,21.03052958,228.0643959,10.84444379,9
56597,13.81031888,203.8274346,14.75906793,7
56597,9.219436789,199.7540935,21.6666265,6
10979430,13.82839962,218.6500923,15.81167006,7
9124224,9.581328212,212.0977605,22.13657186,6
16531141,5.554435202,213.1635524,38.37717872,4
19620700,15.29062339,216.6650177,14.16979623,7
14196197,19.0035728,216.2759201,11.38080309,9
600918,8.7317948,202.7833536,23.22355921,6
19620700,16.34574778,230.306179,14.08966919,7
196617,19.95950534,220.5308218,11.04891219,9
600918,3.68563859,220.6553034,59.86894755,3
600918,6.262746521,206.3746807,32.95274365,4
600918,16.0583462,205.6507989,12.80647436,8
600918,2.856107905,211.6307084,74.09758857,3
9124224,3.328802775,213.4404199,64.1192748,3
9124224,16.77679478,226.2049591,13.48320476,7
4994101,7.086076944,204.7656769,28.89690283,5
5659851,10.47567097,220.7181434,21.06959487,6
600918,16.48040961,218.9733266,13.28688618,7
600918,10.81140577,200.9914679,18.59068767,6
19620700,17.54557132,229.4501714,13.07738387,7
600918,23.04613208,216.6535808,9.400865187,10
600918,18.32342168,200.5919376,10.94729691,9
600918,7.894894951,221.3216331,28.03351209,5
600918,21.60513626,224.902325,10.40966936,9
600918,12.79429261,211.3466886,16.51882562,7
600918,6.682324753,228.5113122,34.19637935,4
600918,22.51934802,205.6545826,9.132350657,10
600918,14.58683688,224.6182575,15.39869537,7
9124224,11.63507374,221.5848177,19.04455638,6
600918,21.57352572,220.2239336,10.20806411,9
8625663,21.95767388,225.4520106,10.2675726,9
600918,20.09290513,198.8744093,9.897742912,9
600918,14.72585972,225.1340145,15.28834437,7
600918,21.59882382,218.8511402,10.13254897,9
9124224,23.05185573,199.4117033,8.650570506,1
600918,7.071162258,200.6700997,28.37865861,5
19620700,18.15215321,206.2998975,11.36503726,9
15089619,8.727141913,212.4991684,24.34922803,5
9124224,22.66889138,232.2606154,10.24578624,9
600918,16.98454003,199.6521037,11.75493144,8
600918,7.25763123,231.661147,31.91966354,4
4685130,5.39904285,223.2565102,41.35112767,4
600918,5.351177675,219.5528235,41.0288794,4
14196197,23.01136613,217.7569746,9.463018115,10
507612,12.18496206,215.6044133,17.6943032,6
600918,17.36105184,225.3259047,12.97881642,8
19620700,5.737881293,215.8996375,37.6270659,4
9124224,6.869572137,216.7000028,31.54490534,4
600918,10.00383599,219.956262,21.98719194,6
14196197,3.98337459,232.2174781,58.29667104,3
12877131,19.00558994,208.5649656,10.97387486,9
507612,8.354515724,206.4204251,24.70764697,5
9124224,12.7626836,216.6005557,16.97139587,7
600918,14.48104955,229.536856,15.8508439,7
600918,15.32476284,221.5934789,14.45983087,7
600918,23.69084866,225.0060225,9.497592329,10
9124224,17.57009204,199.6890208,11.36528029,9
600918,13.61635851,219.0186446,16.08496461,7
19620700,16.08789671,203.3354088,12.63902998,8
9124224,12.16956074,229.5604312,18.86349361,6
14196197,20.1245164,203.7140434,10.12268019,9
16638013,20.63968759,209.0908687,10.13052488,9
19620700,21.32103547,211.4173715,9.915905438,9
14196197,16.59668695,226.2616477,13.63294062,7
9124224,1.645599591,229.5802439,139.5116073,1
9124224,22.69835553,215.7374943,9.504542918,10
10604190,2.282882173,199.0904594,87.21013362,2
9510822,22.86261639,217.1024898,9.495959957,10
9510822,13.47732835,202.8511328,15.05128669,7
14196197,6.281396178,200.3790704,31.90040315,4
9124205,14.25872759,216.1833059,15.16147247,7
474183,7.131298068,218.5208028,30.64250025,4
14196197,17.87562325,220.9624567,12.36110504,8
16275581,21.54762413,198.4779772,9.211130469,10
4685130,22.39678838,228.8887235,10.21971185,9
9510822,21.86539024,219.206074,10.02525322,9
8782076,5.920384962,200.5446386,33.87358083,4
10791458,6.015760441,228.8901157,38.04840934,4
21183540,4.898519383,222.190497,45.35870528,4
14062769,13.71450091,211.9844634,15.45695792,7
56597,8.135901682,215.9896613,26.54772265,5
14826250,9.318821872,229.7788597,24.65750101,5
16283053,21.48468973,209.6295873,9.757161491,10
13859515,23.56480943,215.8799359,9.161115283,10
10604190,17.63037863,222.0021764,12.59202545,8
4685130,14.07063626,203.8880461,14.49032171,7
13859515,21.15295553,217.2837052,10.27202581,9
19620700,22.06530975,205.4926497,9.312928393,10
16531141,10.20993306,230.3156649,22.55799952,6
8725944,17.93757886,200.3328276,11.16833153,9
9124224,19.0508341,201.1007256,10.55600634,9
8938557,11.86049093,221.7144699,18.69353226,6
14826250,17.43043506,198.0246407,11.36085474,9
4685130,4.935572088,220.3375465,44.64275722,4
19620700,4.904527978,205.55085,41.91042459,4
9124224,10.84620968,229.0595695,21.11885868,6
9124224,3.706328178,225.5419836,60.85321447,3
14196197,22.12126168,216.807029,9.800843738,9
16531141,5.03172674,204.9283118,40.72723389,4
13882851,16.57393266,209.6320879,12.64830093,8
8725956,4.21340027,225.7538813,53.57997504,4
10979430,20.78071692,223.2961599,10.74535401,9
600918,14.34469004,213.0179231,14.84994953,7
13882851,15.57241118,223.0405249,14.32279962,7
8725956,22.39125791,215.7393842,9.634982773,10
14196197,22.73089974,212.7520715,9.359597463,10
9124205,10.15683097,207.8266071,20.46175698,6
386362,16.21715455,208.0831371,12.831051,8
9124224,20.48675078,206.4546827,10.07747324,9
9124224,8.747722453,210.9636222,24.11640554,5
600918,1.130552879,229.1649593,202.7016724,1
386362,15.76554723,208.0767947,13.19819678,7
386362,9.714760417,219.6954678,22.61460482,6
386362,4.67146738,231.8686999,49.63508915,4
8725965,16.61378448,232.943809,14.02111658,7
9124224,6.120145165,209.6807977,34.2607556,4
1960718,17.27914208,224.9005006,13.01572147,7
12266079,13.74869416,223.0178893,16.22102337,7
9124224,20.50812048,219.9634109,10.72567382,9
10979432,9.400947226,209.0269145,22.23466524,6
19376976,11.84412901,201.6812409,17.02795037,6
9086392,7.638520533,221.0477879,28.93856041,5
9124224,14.58579709,213.0073243,14.60374932,7
600918,17.16283241,228.8630605,13.33480716,7
4685130,20.99746653,229.8213012,10.94519193,9
10979432,13.72591558,202.0174586,14.7179587,7
9124224,5.294299319,210.0419212,39.67322369,4
9124224,23.22723411,224.5388854,9.667052234,10
19620700,16.26371918,227.3672948,13.98003078,7
12266079,20.57584213,228.5425713,11.10732527,9
9124224,9.593179041,204.1069226,21.27625491,6
600918,2.282258446,227.4703618,99.66897578,2
600918,14.87782004,221.0615101,14.85846109,7
10516176,4.92050984,207.2321447,42.11599031,4
14062769,18.7414207,224.1043327,11.95770248,8
21183540,18.39217611,209.2350117,11.37630536,9
4685130,15.65725032,222.0625059,14.18272694,7
9124224,9.771159023,203.363322,20.81261,6
600918,20.1741914,231.3623513,11.46823418,9
4685130,9.740180325,202.4283379,20.78281214,6
14062769,10.93212259,220.2040242,20.14284256,6
9124224,8.54142571,222.7534571,26.0791892,5
9124224,11.61923157,207.6965487,17.87523964,6
2901502,13.53452002,226.8427567,16.76031041,7
9124224,2.038639157,210.1702569,103.0934073,2
9124224,15.41033072,214.8458509,13.94167684,7
9124224,8.615541344,203.1529811,23.57982778,6
9124224,23.15399907,230.2688656,9.945101275,9
9124224,23.11797643,218.0799437,9.433349164,10
4685130,15.87036776,223.7730096,14.10005193,7
19419801,17.07943536,213.5742098,12.50475823,8
19525150,19.49442426,225.2640039,11.55530427,8
19525150,16.76839459,215.7406983,12.86591254,8
19620700,14.51868102,223.6356939,15.40330651,7
19620700,4.948029254,212.6753922,42.98183808,4
16638013,18.32268245,226.5071067,12.36211495,8
8725956,19.65854151,228.4809741,11.6224784,8
9124224,8.019223846,232.7963834,29.0297899,5
9124224,5.944971809,207.9797196,34.98413891,4
9124224,20.56197454,217.3888127,10.57237048,9
9124224,23.04321207,228.4788335,9.915233727,9
9124224,16.41900294,209.7892215,12.77722054,8
16638013,6.489055845,200.6593067,30.92272767,4
19368668,1.771142291,215.2914474,121.555139,1
9124224,20.07402092,208.4532144,10.38422821,9
9124224,7.688482252,222.0975223,28.88704364,5
9124224,15.03871,205.5270964,13.66653764,7
9510822,17.62814643,232.9541641,13.2148984,7
2219338,15.79319006,217.8708054,13.79523735,7
9124205,21.00496302,216.3096365,10.2980251,9
9510822,3.208339671,207.7715525,64.75983648,3
9510822,19.90991178,212.4922078,10.67268455,9
3161389,4.469708241,207.1663952,46.34897494,4
3161389,17.01752348,212.7639743,12.50264027,8
3161389,17.49827922,224.4257416,12.82558924,8
9124224,10.08355203,229.8810991,22.79763107,6
9124224,17.64874402,203.3637397,11.52284489,8
3161389,4.122891682,221.281884,53.67152501,4
3161389,20.01216,211.0642485,10.54679997,9
474183,21.44164468,208.6696882,9.731981449,10
9124224,4.716474067,226.6446886,48.05383967,4
3161389,3.904152974,232.1009816,59.44976624,3
9124224,18.3433476,220.6673747,12.02983117,8
3161389,0.96377736,219.5766123,227.8291869,1
3161389,19.11807833,210.5460371,11.01292889,9
14196197,17.79637022,198.2019481,11.13721201,9
3161389,21.35851798,211.5267504,9.903624896,9
3161389,16.62511253,221.0469318,13.29596605,7
14196197,6.541251775,207.6505213,31.7447682,4
19368668,8.354005427,212.9983725,25.49655663,5
15089619,23.26034218,229.905863,9.884027556,9
18715492,15.36407473,221.0807649,14.3894617,7
13957543,4.547515003,231.1981992,50.84055778,4
16275581,8.531891413,227.651418,26.6824092,5
19819867,22.33755292,203.4442176,9.107721798,10
16275581,5.22030352,229.2537052,43.91578082,4
16275581,9.553007228,200.3163994,20.96893623,6
16275581,23.37728262,206.7220057,8.842858644,1
9124224,18.54034163,213.3929062,11.5096534,8
16275581,4.63464051,210.9788369,45.52215786,4
10604190,17.03688916,200.7250324,11.78178895,8
16275581,7.611267776,207.980283,27.32531414,5
16275581,10.18420803,208.843299,20.50658219,6
16275581,21.76601707,224.3961256,10.30947118,9
16275581,9.349445111,207.6559136,22.21050674,6
16275581,3.855272001,227.2476651,58.94465165,3
16275581,20.52906427,218.1866838,10.62818456,9
2901769,3.538458512,211.1892377,59.68396604,3
14196197,13.58638409,230.0220557,16.93033659,7
8725956,8.496698305,205.7993355,24.22109485,5
2901769,20.43411994,231.1444865,11.31169275,9
14196197,11.02209878,217.6620246,19.74778388,6
2901769,18.97539774,222.9932068,11.75170133,8
2901769,17.13663626,211.9700816,12.3694101,8
2901769,17.44920168,198.8741447,11.39732054,9
2901769,13.0570858,198.5130493,15.20347284,7
9124224,5.252248218,221.9114663,42.25075759,4
16275581,2.568615153,218.7489191,85.16220065,2
16275581,11.55464665,225.2108047,19.49092962,6
16275581,9.358712811,219.0625573,23.40733835,6
8725956,13.39116578,227.1154271,16.96009376,7
9124209,19.55635108,231.3613439,11.83049655,8
16275581,6.742496332,219.3501995,32.53249075,4
2511706,11.79251434,227.8525121,19.32179225,6
2511706,11.75273068,208.6784059,17.75573793,6
16283053,22.02329189,227.9866877,10.35207129,9
9124224,19.3817974,200.2940377,10.33413122,9
6352214,23.2350839,220.919194,9.508000699,10
6352214,18.25226878,220.0221094,12.05450742,8
322785,20.53880017,210.5185717,10.24979891,9
6352214,11.67110174,226.642658,19.41913138,6
9124224,13.78028176,215.7678031,15.65772071,7
6787152,12.777912,203.6121845,15.93469924,7
19831062,22.38834041,220.2743454,9.838797399,9
9124224,12.1164306,232.7679727,19.210936,6
16638013,22.69814023,228.4402772,10.06427288,9
16638013,22.67401736,209.8338517,9.25437466,10
16638013,10.07112194,222.4231209,22.08523761,6
10571116,1.875395894,209.9488703,111.9490935,2
10979428,1.144163691,231.722334,202.5255091,1
10571116,4.55261042,203.7327424,44.75075256,4
9124224,13.72749279,227.7552741,16.59117783,7
9086370,19.62406475,208.4519253,10.62226037,9
14196197,14.19975557,212.8274541,14.98810687,7
9510822,4.312579764,213.2740989,49.45394882,4
11631028,21.22122094,203.6949197,9.598642806,10
13952230,6.463217799,215.672476,33.36921062,4
10571129,20.50033152,210.2839894,10.2575897,9
10352928,9.294194763,231.2951433,24.88597981,5
11631028,8.418692095,211.2746912,25.0959043,5
11631028,18.58794416,207.3201555,11.1534742,9
9124224,9.653311174,212.3422246,21.9968279,6
9124224,21.95804546,201.6074411,9.181483907,10
9124224,8.94622443,226.085301,25.27158834,5
10979432,10.90920223,228.4865319,20.94438503,6
4685130,2.933943418,226.6991927,77.26774528,3
15089619,10.74333168,230.435961,21.44920848,6
14062769,3.902835496,218.1980024,55.90755813,3
14062769,7.51923146,222.4888443,29.5893065,5
13859515,11.92425172,230.8153868,19.35680262,6
474183,4.875634751,210.8097454,43.23739497,4
11631028,13.65665323,210.2134057,15.39274684,7
11631028,17.62228836,211.0093166,11.97400203,8
16638013,16.62904084,232.6257935,13.98912876,7
16638013,18.10445905,223.5106752,12.34561467,8
16638013,2.033411107,231.3110082,113.7551612,2
11631028,4.926556804,226.7086591,46.01766876,4
4685130,3.533619202,217.1066727,61.44031383,3
14826250,23.12733512,209.2134373,9.046154095,10
19620700,9.312363475,206.3655142,22.1603801,6
4685130,6.388182709,222.4839907,34.82743071,4
11631028,10.16084835,215.3192115,21.19106633,6
4685130,14.25992318,206.7517881,14.49880097,7
4685130,22.41910175,225.7734387,10.07058361,9
4685130,21.606185,228.8307454,10.59098334,9
4685130,22.88923266,208.1524187,9.093901128,10
11631028,7.283690026,222.645676,30.56770335,4
19620700,19.56513136,212.7940558,10.87618845,9
19620700,6.717068145,225.615078,33.58832651,4
9510822,21.35454849,203.9679038,9.551496905,10
9510822,1.839847908,221.1438022,120.1967843,1
9510822,21.41628846,227.48558,10.62208236,9
9510822,16.08156216,221.303723,13.76133243,7
9510822,15.0452382,204.6783487,13.60419463,7
14196197,21.46289427,229.4533886,10.69070116,9
9510822,23.54027472,202.1484121,8.587342944,1
9510822,16.67948474,202.4609292,12.13832036,8
9510822,13.40910737,214.3134958,15.98268176,7
9510822,21.18489662,232.9469846,10.99589905,9
9510822,12.0449201,209.3148375,17.37785189,6
9510822,21.14624705,222.0993791,10.50301638,9
9510822,17.43774489,211.5576722,12.13216924,8
9510822,8.280460944,203.2699109,24.54813957,5
9510822,7.965380337,210.3418357,26.40700466,5
9510822,5.282421407,227.5876776,43.08396851,4
9510822,16.21216486,205.9411321,12.70287676,8
14196197,3.423805097,224.8281453,65.6661635,3
9510822,7.938065523,210.7700428,26.55181445,5
9510822,16.48278949,228.5995474,13.86898423,7
14196197,14.73639056,229.4213163,15.56835206,7
9510822,0.988543383,231.2464602,233.9264662,1
9510822,1.489223606,222.8167036,149.619374,1
8725944,1.917585297,230.2753821,120.0861221,1
8725944,15.5955585,202.4103416,12.97871709,8
8725944,23.34534974,199.8972476,8.56261525,1
9124224,15.22835799,210.3531819,13.81325433,7
16531141,17.04802855,205.5881572,12.05935083,8
10979432,5.811661866,209.5872094,36.06321466,4
10979432,10.26811458,201.3693294,19.61112995,6
10571116,6.342511756,214.6150005,33.83754083,4
9086370,16.1649722,219.8856134,13.60259768,7
10979428,16.84805807,205.0299534,12.16935225,8
8725944,23.22990812,225.5159436,9.70799981,10
13859515,9.52495238,201.1227525,21.11535517,6
8725956,8.254165925,208.5040736,25.26046551,5
8725956,3.015427837,215.0866918,71.32874784,3
8725956,3.438279893,213.7076035,62.15538297,3
14196197,21.19784971,206.3348435,9.73376292,10
9086366,10.45619791,211.7654063,20.25262032,6
19620700,17.20956574,217.1185776,12.61615667,8
16638013,12.00890437,226.0803976,18.82606362,6
16638013,11.33239367,231.7769535,20.45260342,6
9086392,1.020393458,207.3401875,203.1963121,1
8782068,2.918848499,223.1660441,76.45687818,3
8782068,22.24237461,198.3361142,8.917038657,1
8782068,9.255379463,228.6766514,24.70743121,5
8782068,2.141539216,217.3555953,101.4950339,2
8782068,3.079389333,223.5170244,72.58485376,3
8782068,13.30750263,210.5731529,15.82364165,7
8782068,22.70257034,205.416923,9.048179127,10
19505674,1.477476482,222.2597636,150.4320145,1
8782068,6.944559361,206.9327028,29.79781611,5
8725956,3.425151142,212.9213488,62.16407392,3
8725956,2.332658952,198.1560294,84.94856451,2
9124224,3.218710629,228.4588563,70.97837694,3
16275581,19.26752245,226.1807612,11.73896446,8
16275581,3.027346122,203.1416936,67.10223587,3
8725956,13.69614903,218.5978659,15.960535,7
8725956,16.57489455,226.8404994,13.68578839,7
9124224,20.11280152,221.1045272,10.99322375,9
8725956,15.72861147,200.788541,12.7658148,8
16275581,6.861541434,212.1954594,30.92533383,4
9124224,17.16577603,231.1819072,13.46760594,7
16275581,10.79157714,205.9997346,19.08893685,6
9124224,8.947391092,226.7962559,25.34775261,5
19620700,11.51072955,213.3449607,18.534443,6
8725956,0.999531391,214.0250149,214.1253558,1
8725956,14.97277509,224.8812825,15.01934553,7
9124224,11.44908601,232.6910816,20.32398756,6
8725956,13.00160769,206.1059814,15.85234583,7
8725956,1.744642349,217.8322972,124.8578525,1
9124224,10.28237934,211.2222661,20.5421585,6
16638013,14.15897896,201.7680228,14.25018169,7
8725956,9.642685203,213.8820493,22.18075617,6
8725956,5.058574364,204.7605313,40.47791266,4
8725956,14.73328023,201.268776,13.66082589,7
16275581,5.858862066,211.9466379,36.17539302,4
8725956,4.249052579,230.9140523,54.34483288,4
8725956,15.52639567,222.8975776,14.35604131,7
8725956,13.46073183,228.9045696,17.00535843,6
8725956,13.90117126,201.1977936,14.47344183,7
8725956,1.825825814,222.6626345,121.9517397,1
8725956,19.67955746,226.6953522,11.51933181,8
8725956,12.41818536,223.6171443,18.00723196,6
9124224,10.84965513,205.3045609,18.9226808,6
8725956,9.124860075,218.4229782,23.93713179,6
9124224,8.440141154,209.7792295,24.85494327,5
16275581,1.25383338,200.0726892,159.568801,1
8725956,4.639019627,224.6531717,48.42686381,4
8725956,7.056011186,223.2039431,31.63316175,4
19419801,16.92708415,222.9752167,13.17268909,7
4685130,8.057430338,227.8100698,28.27329065,5
16638013,15.28188895,215.7584982,14.11857519,7
16638013,3.036120807,200.7174364,66.10983199,3
14196197,9.807133713,213.2902563,21.74848049,6
14196197,4.524885666,232.7481485,51.43735458,4
11631028,17.94761178,201.6697112,11.23657641,9
11631028,9.423746285,231.6082618,24.57709013,5
11631028,17.39305637,214.8224218,12.35104499,8
16275544,21.88557433,207.4638836,9.479480887,10
11631028,9.458825219,222.9815672,23.5739177,6
9086388,22.01450962,232.8168028,10.57560703,9
14196197,7.285969505,218.2641912,29.95678077,5
11631028,8.111784252,227.1759716,28.00567231,5
16275581,22.24992128,198.4558159,8.91939407,1
9086366,11.87405005,215.8062949,18.17461557,6
16275581,4.163328674,215.0170029,51.64545481,4
9086366,16.34219665,217.8841646,13.33261185,7
16638013,10.42796183,222.7881422,21.36449536,6
16638013,13.51931243,210.1096802,15.54144718,7
16638013,2.485765175,217.5711346,87.52682547,2
19620700,17.65579245,231.1292512,13.0908455,7
19620700,15.28388318,203.9492042,13.34406981,7
19620700,22.79957465,204.4945574,8.969226865,1
19620700,7.943378125,214.9363723,27.05855984,5
11631028,4.860978691,230.4037793,47.39864005,4
9086380,9.930219147,200.148008,20.15544723,6
9086380,3.651846786,229.4162311,62.82197597,3
9086380,11.26689138,203.8552654,18.09330174,6
11631028,2.156745142,202.4707319,93.87791261,2
9124224,4.117753017,200.90766,48.79060477,4
9086380,21.70837404,199.5012422,9.190059182,10
9086380,19.3254233,229.8950478,11.89599028,8
9086380,17.1154913,230.3863993,13.46069448,7
9086380,19.98169013,202.6259265,10.14057996,9
9086380,15.78372297,203.7199028,12.90696137,8
9086380,15.76014154,215.8365955,13.69509246,7
9124224,9.673928062,199.2655432,20.59820395,6
9086366,13.89364958,217.4148857,15.64850793,7
11631028,16.6020338,224.8697056,13.54470834,7
9086366,21.04658437,204.281277,9.706148678,10
9086366,2.213582532,208.9588182,94.39847632,2
9086408,9.492064009,224.0230473,23.60108898,6
11631028,8.95985143,216.2533649,24.1358204,5
9086366,3.243797194,226.9166847,69.95402952,3
13952230,14.49981182,216.0143742,14.89773639,7
11631028,12.33363337,221.763629,17.98039737,6
10979428,11.91064542,214.3198149,17.99397155,6
9086408,17.84881169,213.5980066,11.96707155,8
14196197,15.69178427,227.4269306,14.49337607,7
14196197,21.88379995,212.1897801,9.696203614,10
9124224,13.39660656,210.4913914,15.71229181,7
4685130,20.11028713,209.3269952,10.4089511,9
8782065,8.869187196,223.2457775,25.17093985,5
8782065,10.77148796,225.8415641,20.96660786,6
8782065,8.648551518,209.5619919,24.23087745,5
10352928,16.89492938,224.9274765,13.31331262,7
10352928,9.57615669,226.2281105,23.62410285,6
19620700,20.13256988,200.4132742,9.954679181,9
8782065,11.68174916,227.5661741,19.48048798,6
19620700,17.24871352,228.7763494,13.26338623,7
19620700,4.909744859,205.8665637,41.93019588,4
9124224,20.95525107,228.6002107,10.90897026,9
16275581,22.31759431,211.0491781,9.456627594,10
9124224,10.906504,221.4964648,20.30865846,6
19620700,21.03482271,218.7090271,10.39747423,9
19620700,7.553893793,199.2282155,26.37424101,5
19620700,22.47932791,226.6490355,10.08255391,9
9086401,11.59694549,232.8717739,20.0804405,6
19620700,19.41018491,210.5393526,10.8468494,9
19620700,23.27014145,208.5294247,8.961244396,1
19620700,7.424282812,212.0016707,28.55517173,5
9124224,7.776028116,220.8886637,28.40636124,5
9124224,21.90055191,210.2535155,9.600375203,10
9124224,6.639741717,211.8589167,31.90770451,4
19368668,4.205707419,230.6559839,54.84356397,4
18815818,18.76978952,201.3036961,10.72487765,9
8782065,4.000145497,205.5331818,51.38142649,4
19368668,3.895703288,213.6513131,54.84280946,4
8938557,2.481017039,212.0655881,85.47526469,2
8938557,2.818379139,224.6364807,79.70413829,3
18815818,4.034644186,226.3227885,56.09485696,3
14196197,5.902245997,211.2394533,35.78967284,4
474183,15.34375191,207.9029201,13.54967946,7
8938557,9.642110408,225.1375435,23.34940526,6
14196197,22.72990389,226.3618932,9.958770363,9
14196197,13.93652282,198.6289711,14.25240526,7
14196197,5.82995033,223.9844914,38.41962258,4
14196197,18.95647479,227.3542551,11.99348811,8
14196197,15.70020644,201.3908462,12.82727377,8
8782065,18.80498538,206.2199026,10.96623574,9
8782065,8.827262245,204.651229,23.18399786,6
8782065,17.54345333,199.9732839,11.39874118,9
9086377,5.474711612,216.3304222,39.51448726,4
9124224,5.408352173,220.0855937,40.69365061,4
19620700,22.28762614,202.658984,9.092892295,10
19620700,1.814268955,231.7071324,127.7137724,1
9086401,1.348160137,218.2164586,161.8624172,1
9086401,2.05687998,199.0156314,96.75607392,2
14196197,10.55713649,213.6558439,20.23804884,6
8782077,2.554236693,213.6222276,83.63446827,2
474183,1.17777463,214.4194078,182.0547008,1
8938557,8.095363582,223.8987266,27.65764926,5
8938557,7.898045448,215.1001385,27.23460379,5
19368668,21.9507853,215.0564376,9.79720929,10
19368668,21.38792362,203.6310457,9.520842196,10
8782056,20.32024522,224.4682234,11.04653123,9
8782056,18.71041494,209.4652244,11.19511379,9
8782056,5.654449382,205.9401915,36.42090991,4
8782056,14.63321542,199.0510212,13.60268509,7
9124224,5.641656117,202.7030972,35.92971514,4
8782077,19.87283144,203.082194,10.21908702,9
8782077,15.47167146,225.0754472,14.54758445,7
19620700,15.76244442,205.7726701,13.0546167,7
9086388,4.176596912,221.2790605,52.98070779,4
9086388,9.120331605,232.3562983,25.47673795,5
9086388,18.19523679,218.3683836,12.00140378,8
11631028,18.13124659,206.3258529,11.37957348,9
9086388,16.16221814,211.3974955,13.07973285,7
9086388,14.36965362,216.0455802,15.03484955,7
9086388,14.92504833,201.6314395,13.50960044,7
11631028,6.74846432,209.5663292,31.0539286,4
9086388,6.179523778,209.3333326,33.87531792,4
11631028,5.260378441,220.9301248,41.99890317,4
9086388,13.52107589,203.5554241,15.05467655,7
16275581,11.20693806,205.8400702,18.36719978,6
16275581,7.098539786,231.1620489,32.56473245,4
16275581,2.264100256,229.6091705,101.4129873,2
16275581,7.639453924,212.0568017,27.75810991,5
16275581,4.275155818,205.8975164,48.16140632,4
16275581,1.165428097,221.8401687,190.3507983,1
16275581,23.23992797,209.3867644,9.009785431,10
16275581,3.530002255,224.8627782,63.70046303,3
19620700,15.70559808,212.5942965,13.53621145,7
19620700,19.47533258,215.5879889,11.06979755,9
19620700,2.423761009,220.6272655,91.02682347,2
19620700,20.0403288,217.9380265,10.87497259,9
19368668,16.44082493,198.3390538,12.06381399,8
11631028,13.07509852,208.2349201,15.92606891,7
16638013,15.50482114,218.0812178,14.06538108,7
16638013,9.901289778,205.9702519,20.80236581,6
16638013,9.625262428,226.9078746,23.57420136,6
21183540,13.69646974,222.386765,16.23679453,7
9086396,9.441656766,203.2390462,21.5257821,6
11631028,5.315111425,229.801972,43.2355888,4
16638013,13.71435167,223.9227134,16.32761933,7
16638013,11.81445139,198.7236118,16.82038423,7
16638013,23.15232988,213.8447956,9.2364266,10
16638013,3.886748587,218.6488312,56.25494582,3
9086377,14.01586206,228.0869701,16.27348851,7
9086377,1.941150037,225.1778127,116.002271,2
9086377,7.60997909,207.6441345,27.28576938,5
9086377,13.03013324,205.7360861,15.78925421,7
9086377,19.37828655,227.943373,11.76282395,8
9086377,11.8813247,231.8950303,19.51760735,6
9086377,22.81762292,210.7826945,9.237714868,10
9086377,18.44603613,210.5830111,11.41616603,9
9124224,5.169209152,200.8333921,38.85186034,4
18815818,3.734536944,226.3005371,60.59667917,3
19620700,22.28247016,224.3357548,10.06781354,9
19620700,5.28043001,211.0918561,39.97626249,4
19620700,15.34882632,227.1861939,14.80153526,7
19620700,1.061283287,228.0923124,214.9212327,1
19620700,9.492226388,202.5592995,21.3394931,6
19620700,12.00582012,225.6294911,18.79334263,6
14196197,11.14082922,213.0055937,19.11936619,6
16275581,2.782931558,209.1422777,75.15178628,3
16275581,6.776177085,219.9966397,32.46618808,4
9086377,2.391477393,226.5485871,94.73164484,2
11631028,1.602740633,218.8168442,136.5266716,1
16638013,21.32347344,224.9743025,10.5505467,9
8782077,8.13073435,209.5457805,25.77206086,5
9124224,6.232190221,231.9156439,37.21254257,4
8782077,5.97602732,200.6588331,33.57729514,4
16638013,6.073624457,230.2967755,37.91751979,4
8782077,15.91402583,224.6287613,14.11514369,7
8782077,17.06406914,214.0441585,12.54355903,8
8782077,21.93887788,207.8602747,9.474517147,10
8782077,10.24329037,216.2714235,21.11347191,6
8782077,6.710739424,225.3468858,33.58003814,4
8782077,4.051599624,232.0648924,57.27735066,3
8782077,13.37309383,231.7783962,17.33169595,6
19620700,18.48340824,207.8911761,11.24744817,9
19620700,12.51508571,203.1534433,16.23268493,7
19620700,5.535824062,225.7958984,40.78812764,4
19620700,2.689269513,231.7327013,86.16938545,2
9086401,3.5933652,230.1587716,64.05103817,3
16638013,13.21378727,204.3812445,15.46727219,7
8782072,3.014445127,212.5948696,70.52537388,3
9086392,20.37164513,231.2724692,11.35266532,9
16275581,4.713425226,206.2588445,43.75986349,4
11631028,16.15601371,220.4475426,13.64492174,7
4685130,18.35259252,203.1752506,11.07065666,9
9124224,11.49629401,218.1068331,18.97192547,6
19419801,16.86124327,228.1382103,13.53033146,7
8782076,8.882845214,213.1649785,23.99737622,6
9124224,16.49876897,211.9662493,12.84739787,8
8782077,2.622809019,205.4228958,78.3217132,3
7446367,2.645881822,216.5217276,81.83348396,2
7446367,20.24371605,199.9295139,9.87612716,9
10979432,0.919976402,211.1932636,229.5637834,1
13859515,3.465149931,231.1045268,66.69394726,3
9124224,4.309073269,202.7524138,47.05244055,4
9086408,17.02767106,214.2346276,12.5815578,8
9086408,11.39386785,212.2365943,18.62726486,6
9086408,3.680634789,231.4734355,62.88954183,3
14196197,2.623296224,203.2697583,77.48639151,3
9086408,11.61305997,203.1789854,17.49573204,6
11631028,15.21115702,226.5983717,14.8968531,7
11631028,19.56843082,211.1529509,10.79048969,9
9086408,5.481221701,218.8497039,39.92717607,4
13952230,17.38037827,217.5319399,12.51594968,8
10604190,4.925817584,199.0154547,40.40252228,4
15089619,21.00213421,231.75192,11.03468427,9
16638013,2.345155849,199.5547447,85.0923169,2
4685130,20.61162885,222.4544615,10.79266773,9
16275581,11.79986439,213.9620651,18.13258679,6
10979432,12.94623346,215.7063105,16.66170405,7
12266079,9.461896085,218.3297232,23.07462703,6
9124224,1.240307184,200.4833713,161.6400952,1
9124224,21.35085212,208.9615644,9.787036284,10
9124224,14.81919681,213.0207379,14.37464801,7
10979432,8.265907619,212.8407071,25.74922403,5
10979432,22.46867941,227.5088102,10.12559777,9
9124224,2.943498077,225.2943737,76.53967077,3
9124209,13.94873742,218.9247536,15.69495124,7
9124209,13.41042235,220.9606444,16.47678489,7
9124224,18.83424643,222.0875381,11.79168696,8
21183540,18.9153982,218.0997334,11.53027449,8
21183540,9.321170622,226.7533068,24.32669844,5
21183540,1.318925891,223.9748525,169.8161012,1
21183540,20.47816333,218.7257062,10.680924,9
21183540,1.329816313,215.8164723,162.2904383,1
9124224,3.688044513,206.2582809,55.92619073,3
9124224,22.60444267,202.5414598,8.960250102,1
9124224,3.788551978,209.7333732,55.35977187,3
9124224,20.43213886,201.2747601,9.850890379,9
9086408,10.46830305,226.4891227,21.63570557,6
16638013,11.71030551,222.5057581,19.00084996,6
16638013,23.54666168,206.4317174,8.76692077,1
16638013,11.80668705,204.3210728,17.30553811,6
16638013,9.941160927,227.5289587,22.88756418,6
16638013,9.236485249,220.8808137,23.91394645,6
16638013,23.15160151,222.4659735,9.609096521,10
16638013,5.053621308,205.8304208,40.72929258,4
16638013,5.366938385,199.0246855,37.08346756,4
16638013,15.24742387,230.1143347,15.09201401,7
474183,22.33146074,205.4117718,9.198313276,10
14196197,21.53124011,223.2077721,10.36669374,9
9124224,6.43230299,228.5977748,35.5390247,4
19620700,17.02484733,215.8504177,12.67855233,8
19620700,23.23751243,200.2367134,8.616959926,1
12266079,20.62232667,210.740863,10.21906336,9
12877131,22.60245863,212.8625688,9.417673196,10
12877131,12.08049341,202.4135388,16.75540327,7
12877131,13.68084749,230.8464581,16.87369575,7
12266079,1.196299745,232.8046476,194.6039432,1
12877131,22.63002211,229.4642819,10.13981696,9
12877131,22.82988618,212.9968702,9.329738595,10
12877131,22.84943805,224.0428999,9.805182054,9
12877131,9.509648252,227.5435549,23.9276521,6
12877131,18.6140893,204.0986366,10.96473931,9
12877131,13.59516745,219.691549,16.15953241,7
12877131,21.89248119,214.9507164,9.818472127,9
12877131,4.531937037,206.3501392,45.53243734,4
12877131,17.12597257,217.8144422,12.71836921,8
12877131,17.46385923,204.7450301,11.72392811,8
12877131,23.60905752,215.9465813,9.146768401,10
12877131,20.41461484,198.5978385,9.728218732,10
12877131,11.33289963,201.4426911,17.77503532,6
12877131,5.473521302,228.9750068,41.83321745,4
12877131,20.18751503,204.4201697,10.12606898,9
12877131,19.84595583,220.989817,11.13525692,9
12877131,15.46155628,215.8764716,13.96214376,7
12877131,7.065750065,205.0571407,29.0212842,5
12877131,8.525121864,222.545707,26.10469511,5
12877131,0.956573228,203.1203127,212.3416239,1
19620700,12.01858145,207.9634161,17.30349101,6
19620700,16.93400258,218.665606,12.91281284,8
12877131,4.996659369,206.5054013,41.32869305,4
12877131,19.4737719,206.9697084,10.62812636,9
12877131,21.1364679,198.2299018,9.378572747,10
12877131,13.82061398,222.3949439,16.09153865,7
12877131,18.24552925,204.159703,11.18957418,9
12877131,20.62413626,227.1736766,11.01494258,9
19620700,23.53639298,213.3863671,9.066230635,10
12877131,4.388378796,198.4890296,45.23060538,4
10979428,1.664788189,203.7127326,122.3655562,1
10979428,2.389466585,213.007904,89.14454184,2
14196197,5.147560293,203.9146304,39.61384012,4
14062769,6.191655889,199.354388,32.1972654,4
14196197,18.94339444,199.1976526,10.51541492,9
10979428,4.400276638,232.5798735,52.855739,4
14196197,15.53276896,230.9806637,14.87054011,7
16638013,2.52358309,202.5941469,80.28035521,2
16638013,11.80124934,220.6774669,18.69950041,6
14196197,2.367171249,206.2992485,87.15011583,2
14196197,11.23535864,219.3007153,19.51879975,6
14196197,2.288942456,212.0526423,92.6421902,2
14196197,23.40493244,208.3322522,8.901211431,1
9124224,5.132104496,226.0616133,44.04852113,4
14196197,13.50877878,217.3570789,16.09006132,7
11631028,11.15388227,209.2262464,18.75815445,6
16638013,1.29533818,213.7671274,165.028045,1
16638013,19.05700262,211.6573135,11.10653746,9
16638013,3.53769077,210.941987,59.62702812,3
11631028,20.43584802,229.1327587,11.2122951,9
11631028,9.343682417,218.3954129,23.37359118,6
14196197,22.525029,212.1797265,9.419731557,10
14196197,22.14039186,208.0859363,9.398475761,10
14196197,12.00667688,198.1832868,16.50608979,7
16638013,13.04997838,201.3832974,15.43169586,7
11631028,11.53293419,220.5560636,19.12401995,6
14196197,16.20162065,206.2482111,12.73009753,8
14196197,16.96444121,232.0786277,13.68029897,7
11631028,8.942516147,198.8911993,22.24107802,6
16638013,13.0400026,207.5692488,15.91788401,7
16638013,9.407281892,223.3464952,23.74187334,6
16638013,4.528742519,202.5644784,44.72863661,4
16638013,21.4078895,213.9026583,9.991767675,9
11631028,13.30848837,222.9629534,16.75343939,7
11631028,14.2459213,205.7143836,14.44023024,7
9124224,14.69698743,200.2314639,13.62398008,7
11631028,17.70284029,223.6459705,12.63333831,8
11631028,12.64723947,219.7619037,17.37627442,6
14196197,8.603826701,210.7006606,24.48917998,5
11631028,13.20877813,201.4622204,15.2521466,7
14196197,4.727767506,210.3411987,44.49059697,4
11631028,4.658055441,228.1949664,48.98931953,4
16275581,6.1921614,209.3930935,33.81583262,4
16275581,12.01115171,225.9429136,18.8110948,6
11631028,13.93481909,225.5971054,16.18945348,7
11631028,16.52543556,212.3518008,12.84999721,8
16275581,6.389107766,201.4067609,31.52345652,4
10979428,4.755374038,222.8209908,46.85666974,4
10516176,22.52730483,214.7074701,9.530987917,10
14196197,14.7715762,204.8065404,13.86490769,7
14196197,22.24728343,229.5806761,10.31949257,9
14196197,1.606426986,217.4684215,135.3739842,1
16275581,2.596736973,231.4153872,89.11776187,2
16275581,8.100329571,210.8922887,26.03502572,5
16275581,1.04306334,205.0277118,196.5630504,1
19620700,7.652242448,213.44297,27.89286559,5
19620700,9.778468035,204.4675394,20.90997677,6
19620700,20.89983602,229.8369881,10.99707136,9
19620700,9.318671428,225.7065461,24.22089328,5
19620700,23.35393798,198.2577897,8.489265915,1
19620700,1.477749216,199.5542841,135.0393436,1
19620700,0.929640889,208.2145315,223.9730781,1
19620700,5.606656834,228.6936507,40.78966441,4
19620700,10.61699227,232.2532257,21.87561408,6
19620700,15.39338428,200.3318966,13.0141555,7
19620700,9.190960289,231.0393236,25.13766966,5
19620700,11.12221581,203.2037394,18.27007702,6
9124224,23.2618846,215.7233619,9.273683778,10
9124224,5.886321714,206.0580336,35.0062473,4
9124224,11.24855842,211.5708117,18.80870453,6
19620700,10.97881398,214.8942974,19.5735439,6
9124224,15.48059986,207.6306961,13.41231593,7
10979430,1.874947328,221.7906707,118.2916807,2
14196197,17.76569141,224.6660953,12.64606539,8
15089619,20.32818695,207.5840567,10.21163654,9
16638013,4.281398398,225.1403598,52.58570655,4
16638013,7.912616404,212.9478716,26.91244726,5
16638013,14.598778,210.5444843,14.42206219,7
16638013,10.09250794,206.5223683,20.4629384,6
14196197,2.373690121,217.0446471,91.43765027,2
14196197,10.49229403,199.1028676,18.97610446,6
14196197,15.14664144,219.0550303,14.46228401,7
9124224,22.4140216,202.7971853,9.047782182,10
14196197,9.117968183,213.3345894,23.39716318,6
14196197,19.63377888,220.8809681,11.25004868,9
14196197,1.232594732,200.0842049,162.3276489,1
14196197,1.730754056,204.8402689,118.353193,2
9124224,10.8727143,225.6067662,20.74981095,6
14196197,21.51105608,226.5674895,10.53260652,9
14196197,3.260855346,232.474998,71.29264357,3
14196197,4.966435382,232.53888,46.82208911,4
16638013,6.298071374,229.1953425,36.39135362,4
11631028,6.784784925,227.4643168,33.52564883,4
19620700,17.74880748,207.7533183,11.70519871,8
14196197,8.451038745,225.1300708,26.63933719,5
16638013,7.624967203,200.5821063,26.30596316,5
10979432,17.07576117,221.1729958,12.9524531,8
14196197,10.53200584,205.0172875,19.46611981,6
14196197,20.1453502,223.983499,11.11837207,9
9124224,20.94270168,215.23659,10.27740324,9
9124224,18.62900261,218.9500276,11.75318036,8
9124224,14.02491205,208.3640856,14.85671246,7
14196197,8.041796408,220.1639603,27.3774601,5
14196197,19.59553022,214.2238617,10.93228197,9
14196197,1.978373058,228.0098474,115.2511891,2
9124224,4.211143629,209.8635429,49.83528501,4
9124224,17.20641173,222.9747181,12.95881568,8
14196197,7.299355816,221.9813017,30.4110811,4
474183,2.462776222,199.503993,81.00776318,2
9124224,17.41643721,206.6845532,11.86721203,8
9124224,1.924712522,198.2569229,103.0059922,2
9124224,7.395363867,224.2847503,30.32775051,4
9124224,9.455085976,200.9008955,21.24791843,6
19620700,17.76751357,209.4507817,11.78841264,8
19620700,5.248925172,207.5059805,39.53304223,4
19620700,12.33223214,225.9154825,18.31910719,6
19620700,11.71770199,200.0092328,17.06898102,6
19620700,11.88592136,219.1378438,18.436757,6
14196197,18.17993758,209.3149165,11.51351129,8
9124224,18.53033764,202.8929094,10.94922895,9
9124205,22.01143365,201.1342451,9.137716711,10
19620700,13.35110838,222.0731952,16.6333153,7
14196197,13.98168686,225.5272917,16.13019187,7
14196197,22.89127771,218.492061,9.544773502,10
14196197,10.80880945,210.9280616,19.51445833,6
9124224,17.32277222,232.0651195,13.39653472,7
14196197,20.93392652,204.0427887,9.746990774,10
14196197,23.11907125,218.0453445,9.431405881,10
9124224,5.599513921,226.7390503,40.49263087,4
13957543,13.94301385,211.3695636,15.15953193,7
14196197,8.516145473,230.9618858,27.12047211,5
14196197,4.368209836,221.0359817,50.60104483,4
14196197,8.952763736,221.8017671,24.77467,5
14196197,7.887267577,204.8423946,25.97127492,5
14196197,3.43577921,205.7746516,59.89169821,3
14196197,10.6174933,211.9960933,19.9666802,6
9124224,3.250156034,212.5061068,65.3833553,3
14196197,4.273225549,223.7448888,52.35971896,4
9124224,16.46134328,201.5038887,12.24103557,8
9124224,4.930873756,215.7699153,43.75896158,4
9124224,1.091991801,211.891243,194.0410567,1
9124224,2.075794834,229.2671955,110.4479073,2
14196197,10.37520583,232.9377129,22.45138233,6
16275581,0.934785628,220.7033293,236.1004734,1
11631028,16.55707707,206.88565,12.49530029,8
19376976,19.24983537,207.8201184,10.79594263,9
21183540,21.17792405,208.2002804,9.83100515,9
12266079,6.395048471,201.5043886,31.50943883,4
9124224,5.297566274,211.7508897,39.97135264,4
12266079,15.45774845,201.1364512,13.01201477,7
9124224,13.95580104,198.8373814,14.2476509,7
12266079,12.23065668,207.1497918,16.93693129,7
12266079,2.599213039,210.8575428,81.1236092,2
9124224,13.52168195,208.9616189,15.45381852,7
9124224,21.24203313,222.0544218,10.453539,9
9124224,21.38983338,218.4237614,10.21156909,9
12266079,17.65089349,210.8891097,11.94778665,8
9124224,21.3709231,223.4540788,10.45598629,9
21183540,2.957469383,204.0795299,69.00478193,3
21183540,4.723588194,218.8071145,46.32222487,4
21183540,22.67963526,211.3753573,9.320051,10
9124224,17.86212958,203.2975743,11.38148581,9
19368668,20.44854191,217.5565962,10.63922294,9
9124224,11.70343796,210.3208162,17.97085752,6
9124224,19.30633583,204.3088808,10.58247834,9
12266079,2.402347213,215.2179239,89.58651886,2
9124224,14.87253381,220.694591,14.83907139,7
9124224,19.23061901,216.1187582,11.23826321,9
9124224,13.22033123,231.2293636,17.49043648,6
9124224,12.09841681,228.0573884,18.85018444,6
9124224,5.146072488,213.757583,41.53800466,4
9124224,6.511096072,228.1855101,35.04563711,4
9124224,6.851905438,229.3710245,33.47550935,4
9124224,6.001809412,208.3165519,34.70895818,4
9124224,16.0110959,230.0358338,14.367276,7
9124224,11.8652578,218.1036412,18.38170269,6
9124224,12.98487861,213.1029536,16.41162462,7
9124224,16.09486367,213.9490168,13.29299963,7
9124224,23.39009782,229.4313091,9.808907633,9
9124224,6.872695407,204.8438645,29.80546239,5
10979432,19.28473538,230.6711932,11.96133567,8
9124205,18.75275822,229.9990203,12.2648102,8
10979432,14.85485151,231.7760965,15.60272052,7
10979432,18.66880733,230.4618625,12.34475553,8
14062769,21.37727688,228.2494634,10.67720013,9
10979432,11.82776707,210.193266,17.77117057,6
10979432,21.31613862,203.7291412,9.557506869,10
10979432,12.49238045,200.4621851,16.04675634,7
10979432,11.6539081,210.97174,18.10308939,6
21183540,12.21552915,222.4647527,18.21163455,6
10516176,20.55392078,203.8796994,9.919260741,9
19620700,1.823591524,199.1868753,109.2277918,2
16638013,7.92248027,218.0309558,27.52054261,5
11631028,4.226520797,207.122568,49.00545341,4
11631028,1.062138484,229.5912868,216.1594654,1
11631028,17.52564437,231.8693177,13.23028774,7
18815818,12.69150301,224.5120406,17.68994897,6
11631028,17.79256809,209.8621737,11.79493442,8
11631028,8.883088944,207.8217613,23.39521338,6
19620700,17.61908797,203.9163795,11.57360585,8
19620700,22.93142643,216.0735272,9.422594266,10
19620700,20.36455351,198.3839634,9.741630884,10
11631028,4.363271024,201.1610902,46.10327644,4
16275581,8.044603534,224.4809042,27.90453293,5
11631028,10.57900943,229.5831443,21.70176194,6
11631028,4.378019195,204.3982397,46.68737861,4
11631028,9.198123788,208.1670306,22.63146652,6
11631028,3.359003956,218.9786535,65.19154378,3
9124224,12.82568769,216.3688878,16.86996386,7
16638013,16.68046856,213.4187239,12.79452812,8
11631028,1.788977087,231.7854753,129.5631325,1
11631028,10.51515984,200.0403656,19.02399665,6
16275581,3.347104804,199.4916119,59.60124453,3
16275581,12.72900963,213.1221674,16.74302822,7
16275581,18.45265712,225.8652219,12.24025464,8
16275581,9.726029989,221.7208947,22.7966493,6
16275581,22.16325696,211.2376216,9.530982833,10
11631028,5.019355738,220.6464114,43.95911008,4
11631028,11.27454275,204.5690017,18.14432799,6
11631028,13.91929368,202.0606311,14.51658653,7
11631028,5.111451061,226.6403766,44.33973326,4
11631028,5.797870293,221.529308,38.20873818,4
19302458,12.23069254,208.2229057,17.02462105,6
11631028,22.12329517,227.0292999,10.26200202,9
11631028,1.888360255,227.1342951,120.2812305,1
11631028,12.23961576,203.9712309,16.66483939,7
13952230,3.119005492,205.4624111,65.8743345,3
10979430,8.76643853,231.5465447,26.41284073,5
11631028,8.263927044,212.326615,25.69318604,5
16638013,18.84958274,208.0420123,11.03695584,9
11631028,9.557074158,202.6731024,21.20660561,6
11631028,3.391811696,207.0293256,61.0379774,3
16638013,1.567811527,206.1026011,131.4587867,1
11631028,6.372424516,199.7479752,31.3456793,4
16638013,14.49196867,229.9823484,15.86964157,7
16638013,8.100056096,200.4836088,24.75089141,5
19525150,17.5159311,208.9107971,11.9269022,8
11631028,21.17229335,216.3891522,10.22039269,9
11631028,16.77565212,232.6519331,13.86842856,7
9124224,17.27909537,205.0796353,11.86865579,8
16638013,14.72692671,220.8208982,14.9943639,7
13952230,8.212834601,204.5612314,24.90750653,5
10352928,10.87839247,205.9385143,18.93096934,6
10352928,1.321972983,210.4523646,159.1956623,1
10979430,10.28176516,210.2859593,20.45232078,6
10979430,15.23369748,231.381689,15.18880687,7
21183540,15.03443246,211.7940933,14.08726893,7
4685130,16.11775798,217.2230133,13.47724749,7
4685130,20.47175511,215.842633,10.54343567,9
4685130,21.12899437,221.0688647,10.46281999,9
9124224,11.09751445,222.2754808,20.02930313,6
19620700,1.666499305,225.4098816,135.2595114,1
9124224,6.504293998,217.156621,33.38665519,4
9124224,9.536079664,201.2789528,21.10709641,6
9124224,9.156781962,209.7643617,22.90808742,6
10979428,19.8383143,222.4756837,11.21444495,9
4685130,15.99509981,232.6562785,14.54547213,7
4685130,7.301629689,203.1516928,27.82278771,5
9124224,14.79081464,201.933161,13.65260575,7
4685130,23.46339759,202.1401139,8.615125456,1
4685130,9.306264979,222.739636,23.93437501,6
16638013,8.106547229,202.3407478,24.96016393,5
16275581,6.618663137,205.0532755,30.98107144,4
10979428,8.145172942,199.8434475,24.53520004,5
19620700,21.41306436,232.4383752,10.85497952,9
19376976,5.53021509,232.4127089,42.02598003,4
9124209,15.14731264,225.3053197,14.87427672,7
21183540,13.91892574,211.6956979,15.20919802,7
16275581,2.853173812,206.7985916,72.48019407,3
14196197,6.286373695,206.6936721,32.87963493,4
14196197,1.652605352,217.4531046,131.5819922,1
16275581,19.6492515,230.0734084,11.70901642,8
19368668,18.29725028,203.8640262,11.14178487,9
16275581,23.51730988,231.3384364,9.836942982,9
14196197,21.39735049,205.9967943,9.627210357,10
16275581,7.542884572,232.7470374,30.85650261,4
16275581,22.57602669,222.4300366,9.8524882,9
12266079,6.513731928,228.6210827,35.09832539,4
21183540,17.13846202,220.2796843,12.85294352,8
21183540,1.320979899,199.6522564,151.1395113,1
21183540,13.73085397,199.9043749,14.55877219,7
12266079,19.9357031,209.4781448,10.50768783,9
16275581,8.61658877,222.4612292,25.81778417,5
10604185,16.86486841,230.1092505,13.64429564,7
15089619,19.94501178,226.3417343,11.34828782,9
15089619,16.15187496,218.0570086,13.50041461,7
15089619,1.862798082,214.6923504,115.2526152,2
15089619,8.799085783,205.7632696,23.38461912,6
15089619,6.355134594,223.4252207,35.15664655,4
16275581,21.48282456,211.7889433,9.858524082,9
14196197,2.911120967,232.046036,79.71020049,3
10603760,1.673579923,198.0261812,118.3249025,2
4685130,20.25734516,207.6073764,10.24849874,9
16275581,6.938452752,221.7419815,31.95841917,4
16275581,5.690469125,225.2496557,39.58367066,4
12266079,7.957278005,226.2516731,28.43330005,5
12266079,21.78919697,214.9034841,9.862845535,9
12266079,22.21803794,206.6064831,9.299042684,10
10516176,3.662058343,214.5214203,58.57946548,3
19620700,11.24476562,198.985723,17.69585331,6
19525150,4.762590011,230.1772015,48.33025747,4
19620700,6.266863471,216.4665459,34.54144915,4
10516176,16.1309607,215.4223946,13.35459174,7
14196197,8.957788514,202.1806033,22.57037024,6
14196197,3.281118084,220.2451559,67.12503184,3
16275581,20.32118871,211.5103532,10.40836519,9
16531141,8.995781152,227.394191,25.2778705,5
16531141,13.22132113,205.3104938,15.52874269,7
16275581,9.028429827,225.0441814,24.92617052,5
16275581,5.530358024,232.6238249,42.06306787,4
16531141,20.35441326,228.7657634,11.23912345,9
10516176,15.43252106,214.1873846,13.87896273,7
12266079,7.537592537,208.359125,27.6426623,5
12266079,3.203469717,226.1457329,70.5939974,3
16531141,17.08357265,202.2477389,11.83872618,8
16531141,12.43448935,224.80204,18.07891209,6
16531141,20.82843732,215.1086991,10.32764464,9
16531141,16.80167198,222.4632246,13.24054088,7
16275581,16.8578692,224.3434275,13.30793499,7
12266079,17.45080305,221.1280185,12.67150961,8
12266079,22.46640477,227.2424071,10.11476511,9
13859515,17.15892879,219.2228388,12.77602125,8
16531141,5.491777796,205.7287456,37.46122899,4
16531141,6.613323769,205.1577211,31.02187769,4
16531141,5.987329319,217.3909804,36.30850565,4
16531141,8.061949469,228.0391023,28.28585111,5
10516176,1.315842031,208.282957,158.2887247,1
12266079,12.42329332,211.3606665,17.01325575,6
10603760,1.288723556,224.6896917,174.3505739,1
10516176,22.57143543,207.35505,9.186613348,10
12266079,20.48310644,219.4013341,10.71133105,9
12266079,18.51672547,225.6181944,12.18456226,8
12266079,12.49315227,198.0863691,15.85559552,7
15089619,6.316050304,208.2494476,32.97146754,4
12266079,18.05897408,229.322098,12.69851194,8
16275581,13.32224598,209.2636693,15.70783707,7
18815818,22.77530305,223.7984927,9.826367279,9
18815818,21.72975704,210.5218267,9.688181342,10
18815818,13.50061037,208.7589553,15.46292719,7
16638013,7.800695839,200.5235916,25.70585955,5
4685130,17.86608972,201.6085518,11.28442513,9
4685130,16.77630199,205.3921659,12.24299408,8
4685130,10.63907287,219.3847514,20.62066442,6
21183540,8.947362777,211.7678637,23.66818793,6
4685130,15.34498546,221.9803249,14.4659847,7
4685130,14.01142184,222.2882619,15.86478977,7
4685130,8.744933027,227.3413999,25.99692864,5
21183540,17.86629641,225.115422,12.60000488,8
21183540,4.293635959,204.2107233,47.561257,4
4685130,6.105435721,218.6671155,35.81515317,4
4685130,20.05481891,228.4508098,11.39131751,9
4685130,13.49847919,211.3562983,15.65778598,7
375427,14.61368682,208.7665883,14.28568922,7
21183540,5.835999597,214.0361558,36.67514917,4
19376976,2.42225057,213.1392255,87.99222844,2
19419801,6.597305862,213.7185038,32.39481513,4
21183540,5.805594134,224.1736736,38.61339053,4
19419801,10.96261331,212.63892,19.39673634,6
21183540,8.858154586,223.6034197,25.24266398,5
19620700,14.64381584,229.2691621,15.65638114,7
19620700,2.121777244,226.4484512,106.7258365,2
19419801,16.07731551,229.1506427,14.25304135,7
19419801,7.962071279,209.2592736,26.2820146,5
19419801,21.35020575,221.0765534,10.35477391,9
19419801,18.50343644,208.5877597,11.27292006,9
19419801,12.66803084,222.4095603,17.55675868,6
19419801,19.26408827,202.5262922,10.51315221,9
21183540,21.96820242,220.3121215,10.02868224,9
19368668,23.29859303,222.5436784,9.551807618,10
19368668,7.050742316,227.7159218,32.29673013,4
19368668,6.625369105,226.6181131,34.20460196,4
19368668,11.17643027,204.0944958,18.26115234,6
19368668,11.31129771,231.2149026,20.44105889,6
19620700,22.73751629,206.2337701,9.070197792,10
19620700,19.16763925,229.3581517,11.96590507,8
19620700,5.447839964,223.5570809,41.03591192,4
19620700,6.120574641,222.4811665,36.3497187,4
19620700,19.47956628,216.9934431,11.13954181,9
19620700,10.07048471,202.3423248,20.09261031,6
19620700,9.835899537,212.0131506,21.55503417,6
16638013,15.39559537,218.4914052,14.19181266,7
16638013,4.503464525,203.512912,45.19029978,4
16638013,16.24956822,200.8998974,12.36339912,8
16638013,16.64822125,215.5739441,12.94876737,8
19620700,13.29039265,208.5233024,15.68977742,7
19620700,15.25431588,201.6389369,13.21848443,7
19620700,7.024107946,232.9860261,33.16948257,4
19620700,11.53676392,202.4075639,17.54457016,6
19620700,10.68544415,232.3512928,21.74465465,6
19525150,12.95775987,208.5586717,16.09527216,7
19525150,2.393656928,198.9441893,83.11307563,2
19525150,23.6123915,198.7495523,8.417171648,1
19525150,16.48195925,213.4964367,12.95334089,8
19525150,7.320633886,225.0315004,30.73934633,4
19368668,2.279007724,201.2384477,88.30090638,2
16275581,20.11028691,211.3143214,10.50777258,9
16275581,12.34289397,229.9942729,18.63373966,6
19368668,10.08688171,229.3382075,22.73628403,6
19620700,11.44462333,225.3811287,19.69318886,6
19368668,7.158665515,213.7499125,29.85890486,5
19368668,8.82490255,200.4015805,22.70864515,6
19620700,4.252953356,199.160228,46.82868852,4
19368668,20.8982618,205.689347,9.842414119,9
19620700,10.93220078,224.0396459,20.49355389,6
19368668,19.64668622,227.131529,11.56080606,8
16638013,10.54138679,209.980587,19.91963593,6
19368668,21.5789063,199.6030771,9.249916302,10
4685130,3.949416036,232.6254244,58.9012204,3
19368668,2.826873386,224.8551529,79.54199647,3
19368668,10.58057203,220.7173573,20.86062612,6
19368668,7.12376846,231.0206044,32.42954986,4
16638013,20.3187291,208.3504656,10.25410913,9
16638013,22.09140564,211.6700226,9.581555201,10
16638013,3.884875766,202.6156754,52.15499482,4
16638013,4.350293526,208.9853048,48.03935723,4
4685130,4.262425406,223.4440718,52.421814,4
16638013,10.8222925,218.3174818,20.17294227,6
16638013,4.648366875,226.4255228,48.71076852,4
16638013,7.706259811,201.5858293,26.15871178,5
16638013,5.772573057,208.1159059,36.05253738,4
19505674,12.24064565,232.8320784,19.02122528,6
16638013,18.54971482,206.5689139,11.13596171,9
16638013,19.32758013,204.0858539,10.55930709,9
16638013,5.195723829,226.6854497,43.6292338,4
16638013,9.088154915,215.6053058,23.72377098,6
16638013,2.090090501,205.2050235,98.17997034,2
10962652,16.62079953,212.895232,12.80896455,8
18784118,19.18228677,229.1271372,11.94472484,8
16275581,7.148598489,216.5640936,30.29462264,4
19505674,9.935342801,229.13708,23.06282577,6
19505674,12.4121415,207.4022174,16.70962399,7
19505674,3.985418727,210.330242,52.77494195,4
19505674,2.761909546,213.5215367,77.30938798,3
19620700,20.49442487,228.5160065,11.15015464,9
13957543,11.24260509,215.6902995,19.18508191,6
13957543,9.993655703,218.4944643,21.86331717,6
13957543,9.279239684,210.4318508,22.67770399,6
13957543,21.42112356,231.4295948,10.8038028,9
16275581,4.672947765,201.0809393,43.03085535,4
16275581,17.24544348,200.4340502,11.62243525,8
16275581,2.859378065,213.1245478,74.53528106,3
16275581,16.51831811,213.8729299,12.94762145,8
16275581,18.44201398,200.127469,10.85171442,9
16275581,21.35483692,199.0558151,9.321345596,10
16275581,14.11777403,203.1533369,14.38989861,7
16275581,1.858749868,223.1290111,120.0425162,1
16275581,22.30603652,206.4769992,9.256552549,10
16275581,1.994867788,224.0934553,112.3349911,2
16275581,3.029907731,206.5254952,68.16230511,3
16275581,18.02956081,221.0529852,12.26058624,8
16275581,22.64689363,205.2310805,9.062217707,10
19620700,10.1341085,206.0987006,20.33713184,6
16275581,4.295575179,219.4843438,51.09544932,4
16275581,5.59686947,210.7444695,37.65399044,4
16275581,4.640903872,229.8896108,49.53552521,4
16275581,6.149640617,202.9885392,33.00819542,4
16275581,12.50650134,216.7643399,17.33213263,6
16275581,2.834820787,202.0251284,71.26557322,3
16275581,2.948224099,202.1854238,68.5787162,3
16275581,23.32957208,229.5211649,9.838207235,9
16275581,7.912770211,210.6632116,26.62319339,5
16275581,3.219160486,216.7295486,67.32486609,3
16275581,3.263926127,228.5760961,70.03102621,3
16275581,22.39893157,231.8912408,10.35278134,9
16275581,5.327727282,218.1605918,40.94815299,4
16275581,21.06089009,212.2419866,10.07754115,9
19620700,3.681666897,211.617251,57.47865217,3
19620700,14.05823985,227.4504307,16.17915423,7
19620700,20.81031708,226.1251775,10.86601308,9
16638013,10.79944741,202.7088087,18.77029453,6
16638013,4.184119427,212.6215172,50.81631176,4
16638013,11.1115459,214.5296378,19.30691189,6
16638013,10.69707197,222.5787117,20.80744268,6
10604190,4.401663444,220.7871833,50.15994205,4
16275581,4.298721961,216.5672,50.37943881,4
16275581,18.17991354,221.0193711,12.15733895,8
16275581,22.8529234,223.435061,9.777088779,10
16275581,7.201422775,200.226133,27.80369092,5
16275581,7.697929037,206.3409079,26.80472981,5
16275581,15.62596676,203.1086281,12.99814797,8
16275581,5.72479733,200.7567362,35.06792024,4
16275581,11.15599246,210.7892571,18.89471132,6
19820024,23.604248,221.132439,9.368332299,10
19620700,5.617177742,214.0234261,38.10159405,4
19620700,5.164221237,208.4902342,40.37205701,4
19620700,11.08839663,213.0436211,19.21320351,6
19620700,21.04102381,222.7590928,10.5868942,9
19620700,8.57837148,216.6315146,25.25322144,5
19620700,11.27989027,208.5624582,18.4897595,6
19620700,5.112138998,222.7897082,43.58052632,4
19620700,13.48709816,211.5857462,15.68801115,7
19620700,8.992495034,230.4236842,25.62399905,5
19620700,14.36939418,219.4274744,15.27047499,7
19620700,15.73744334,201.4399449,12.80004258,8
19620700,15.1382841,230.3334793,15.21529638,7
19620700,14.5069182,218.3301736,15.0500727,7
19620700,2.556096524,225.7320422,88.31123552,2
19620700,19.16034984,203.5564781,10.62383933,9
19620700,1.932347804,222.9037258,115.3538329,2
19620700,22.48756079,213.5730873,9.497387884,10
19620700,12.84201647,205.4160228,15.99562057,7
19620700,6.234077001,228.375067,36.63334074,4
19620700,3.951173246,216.4678994,54.78572716,4
19620700,2.852754822,212.7066051,74.56182475,3
19620700,23.28083582,202.1821238,8.684487334,1
19620700,8.053028572,201.4233532,25.0121245,5
19620700,19.13241627,198.291348,10.36415606,9
19620700,11.07081544,210.923233,19.05218583,6
19620700,14.66662862,225.598924,15.38178472,7
19620700,1.095313103,230.973625,210.8745202,1
19620700,17.35937571,219.939062,12.66975643,8
19620700,17.52056975,201.3230692,11.49066909,9
19620700,13.09076314,228.2146172,17.4332554,6
19620700,17.90588549,203.893198,11.38693745,9
19620700,7.569088808,204.9372125,27.07554604,5
19620700,18.28400693,203.9089387,11.15231139,9
19620700,15.81016549,208.2346549,13.17093455,7
19620700,23.68073077,215.7305938,9.109963537,10
19620700,8.146661687,231.375562,28.40127292,5
19620700,16.90313885,219.368678,12.97798473,8
19620700,9.760882976,215.0287144,22.02963758,6
19620700,22.46716461,200.5220304,8.925115115,1
19620700,16.86570859,201.0301394,11.91946003,8
19620700,12.83234453,224.6605919,17.50736908,6
19620700,15.19747841,229.6842576,15.11331363,7
19620700,22.28066975,224.2633574,10.06537774,9
19620700,2.810072475,229.3271968,81.60899722,2
19620700,8.364802251,217.2979833,25.97765934,5
19620700,4.921628265,231.6042718,47.05846508,4
19620700,13.09610867,220.7962925,16.85968696,7
19620700,13.08126249,219.9173685,16.8116318,7
19620700,11.63184199,226.248435,19.45078305,6
19620700,20.9628984,205.7039254,9.812761648,9
19620700,11.2817678,199.8274085,17.7124199,6
19620700,10.14244679,210.1707788,20.72190105,6
19620700,5.336499856,202.305459,37.90976566,4
19620700,17.84756617,229.3424268,12.85006732,8
19620700,15.08657036,213.5978824,14.1581471,7
19620700,7.624597608,209.7881575,27.51465301,5
19620700,14.85764959,210.3494041,14.15765009,7
19620700,9.85977323,230.2323651,23.35067549,6
19620700,6.003985206,200.1245249,33.33194837,4
19620700,21.58471824,229.0625053,10.61225367,9
19620700,2.919291271,232.430011,79.61864353,3
19620700,14.5163598,216.054128,14.88349221,7
19620700,18.57294449,227.8757102,12.26922906,8
19620700,8.850349037,217.822289,24.61171735,5
19620700,13.30459191,214.7588093,16.14170586,7
19620700,11.50571661,198.6046395,17.26138808,6
19620700,1.892500837,228.2442781,120.604585,1
19620700,4.816900675,211.3087744,43.86820252,4
19620700,14.98185268,201.8460763,13.47270466,7
19620700,1.174110387,204.5897793,174.2508896,1
19620700,15.02477182,200.5022822,13.34478051,7
19620700,4.226286349,215.8182073,51.06568497,4
19620700,12.13544842,199.898814,16.47230552,7
19620700,4.088610672,201.5678783,49.29984644,4
19620700,8.60273051,198.8417073,23.11379009,6
19620700,5.298490089,229.7293213,43.35750702,4
19620700,18.52222629,208.4065628,11.25170158,9
19620700,9.835609201,206.5947555,21.00477472,6
19620700,23.18451964,225.4494633,9.724137778,10
19620700,18.20400703,210.854933,11.58288572,8
19620700,10.1478139,207.151918,20.41345259,6
19620700,10.96352176,232.1936039,21.17874248,6
19620700,12.34745019,202.8620422,16.42946835,7
19620700,14.29708682,223.3739112,15.62373608,7
19620700,18.79638731,226.2745287,12.0381925,8
19620700,3.030246195,201.2586539,66.41660148,3
19620700,14.86804002,220.4075127,14.82424801,7
19620700,19.76607871,224.1746938,11.34138425,9
19620700,19.16845188,215.5672775,11.24594093,9
19620700,7.428365119,230.3620552,31.01113791,4
19620700,20.36181429,199.98872,9.821753462,9
19620700,3.926878765,202.1846763,51.48737417,4
19620700,14.54837214,232.4483131,15.97761666,7
19620700,14.42358569,231.1473188,16.0256488,7
19620700,21.85159353,227.9891937,10.43352712,9
19620700,5.115453363,231.9351828,45.34010309,4
19620700,9.883020259,210.7021101,21.31960722,6
19620700,1.803478082,198.5922744,110.1162672,2
19620700,17.91079974,209.4748392,11.69544868,8
16531141,18.64418499,218.8073531,11.73595698,8
4685130,4.151832817,209.0669505,50.35533937,4
4685130,3.110661936,202.749543,65.17890634,3
21183540,13.01610925,221.3161937,17.00325263,6
21183540,2.479444879,211.2559922,85.20293959,2
21183540,4.643296813,201.74448,43.44854273,4
21183540,8.365583893,205.1049099,24.51770403,5
21183540,2.168211491,215.1687359,99.23789112,2
21183540,1.228219723,200.042868,162.8722159,1
21183540,4.064031505,211.0285179,51.92590601,4
21183540,21.99336532,224.9260239,10.2269944,9
21183540,23.33363044,225.1794169,9.650423557,10
21183540,10.49098051,223.6635218,21.3196013,6
21183540,22.42910674,205.7671095,9.17411076,10
